"18 Ashford Court, Aurora"
"67 Valemount Way, Aurora"
"35 Hodgkinson Cres, Aurora"
"24 Petch Cres, Aurora"
"101 Laurier Avenue, Richmond Hill"
"119 Timpson Drive, Aurora"
"116 Sunset Beach Road, Richmond Hill"
"39 Woodroof Cres, Aurora"
"17 Whispering Pine Tr, Aurora"
"143 Forest Ridge Rd, Richmond Hill"
"23 Allenvale Dr, Aurora"
"60 Cranberry Lane, Aurora"
"279 River Ridge, Aurora"
"10 Windham Trail, Aurora"
"182 Willow Farm Ln, Aurora"
"150 Beechbrooke Way, Aurora"
"70 Laurier Avenue, Richmond Hill"
"31 Barberry Cres, Richmond Hill"
"7 Barberry Cres, Richmond Hill"
"18 Albery Cres, Aurora"
"26 Kerr Ln, Aurora"
"41 Meadowood Dr, Aurora"
"14 Timbertrail Cres, Aurora"
"263 Pinnacle Trail, Aurora"
"123 Aurora Heights Dr, Aurora"
"48 Falling Leaf Ct, Aurora"
"50 Corner Ridge Rd, Aurora"
"20 Ardill Cres, Aurora"
"1021 Sherman Brock Cir, Newmarket"
"344 Hollandview Tr, Aurora"
"126 Woodroof Cres, Aurora"
"18 Langman Pl, Aurora"
"6 Langman Pl, Aurora"
"23 Barberry Cres, Richmond Hill"
"30 Grovepark St, Richmond Hill"
"67 Blyth Street, Richmond Hill"
"40 Coons Rd, Richmond Hill"
"82 Fern Valley Cres, Richmond Hill"
"119 Willow Farm Lane, Aurora"
"40 Beaufort Hills Rd, Richmond Hill"
"50 Barberry Cres, Richmond Hill"
"291 River Ridge Blvd, Aurora"
"118 Crawford Rose Drive, Aurora"
"126 Crane St, Aurora"
"7 Fife Rd, Aurora"
"64 Batson Drive, Aurora"
"57 Autumn Way, Aurora"
"32 Albery Cres, Aurora"
"9 Pittypat Cr, Aurora"
"Read St, Aurora"
"947 Goring Cir, Newmarket"
"Ardill Cr, Aurora"
"58 Devins Drive, Aurora"
"372 Kennedy St W, Aurora"
"53 Petermann St, Aurora"
"292 Bilbrough St, Aurora"
"119 Cranberry Lane, Aurora"
"259 Aurora Heights Dr, Aurora"
"122 Corner Ridge Rd, Aurora"
"135 Aurora Heights Drive, Aurora"
"21 Milgate Pl, Aurora"
"27 Kennington Ct, Richmond Hill"
"147 Aurora Heights Dr, Aurora"
"9 Greyfriars Avenue, Richmond Hill"
"10 Gleave Crt, Aurora"
"161 Healthwood Height Dr, Aurora"
"18 Simmons Cres, Aurora"
"19 Chadburn Cres, Aurora"
"122 Wells Rd, Aurora"
"38 Foyrace Way, Aurora"
"22 Cady Ct, Aurora"
"51 Haverhill Terrace, Aurora"
"86 Joseph Hartman Cres, Aurora"
"77 Usherwood St, Aurora"
"39 Crossley Ct, King City"
"35 Lensmith Dr , Aurora"
"23 Petch Cres, Aurora"
"124 Crawford Rose Drive, Aurora"
"226 Corner Ridge, Aurora"
"29 Glenview Drive, Aurora"
"11 Mc Donald Drive, Aurora"
"137 Tribbling Cr, Aurora"
"167 Treegrove Circle, Aurora"
"84 Spruce Street, Aurora"
"284 Kennedy St W, Aurora"
"12 Madras Avenue, Richmond Hill"
"22 Langman Pl, Aurora"
"82 Attridge Dr, Aurora"
"58 Timpson Dr, Aurora"
"150 Walton Dr, Aurora"
"255 Bilbrough St, Aurora"
"224 Timpson Dr, Aurora"
"10 Aubrietia Court, Richmond Hill"
"65 Nisbet St, A"
"4 Hodgkinson Cres, Aurora"
"52 Hodgkinson Cres, Aurora"
"99 Fern Vally Cres, Richmond Hill"
"92 Cranberry Lane, Aurora"
"49 Pinnacle Trail, Aurora"
"123 Pinnacle Trail, Aurora"
"54 Fern Valley Cres, Richmond Hill"
"3 Snedden Ave , Aurora"
"Downey Circle 2, Aurora"
"125 Coons Rd, Richmond Hill"
"33 Foyrace Way, Aurora"
"225 Aurora Heights Dr, Aurora"
"103 Gateway Dr, Aurora"
"34 Turnbridge Rd, Aurora"
"378 Pinnacle Trail, Aurora"
"27 Cosford St, Aurora"
"24 Cranberry Lane, Aurora"
"259 Bilbrough St, Aurora"
6 Linacre Drive
"2 Dodie St, Aurora"
"53 Barberry Cres, Rh"
"1 Kenington Ct, Richmond Hill"
"138 Rush Rd, Aurora"
"25 Greyfriars Avenue, Richmond Hill"
"18 Trillium Dr, Aurora"
"84 Mc Clellan , Aurora"
"115 Hamster Cres, Aurora"
19 Worthington Ave
"18 Bonny Meadows Dr, Aurora"
"47 Beaufort Hills Rd, Richmond Hill"
"76 Limeridge St, Aurora"
"14 Closs Square, Aurora"
"42 Leisure Lane, Richmond Hill"
"20 Heatherfield Ln, Aurora"
"55 Deerwood Crescent, Richmond Hill"
"45 Barberry Cres, Richmond Hill"
"17 Simmons Crescent, Aurora"
"9 Hadley Ct, Aurora"
"223 Touch Gold Cres, Aurora"
"45 Cynthia Cres, Richmond Hill"
3 Mc Clellan
"94 Mc Gee Cres, Aurora"
"59 Hodgkinson Cres, Aurora"
"33 Grovepark St, Richmond Hill"
"66 Casemount St, Aurora"
"38 Brooks Ave, Aurora"
"9 Lupine Cres, Aurora"
"40 Chadburn Cres, Aurora"
"22 Ashford Ct, Aurora"
"8 Milgate Pl, Aurora"
"217 Willis Dr, Aurora"
"60 Cynthia Crescent, Oak Ridges"
"89 Willis Dr, Aurora"
"59 Verdi Road, Richmond Hill"
"812 Lockwood Circle , Newmarket"
"46 Mosley St, Aurora"
"74 Gilbank Dr, Aurora"
"30 Cady Crescent, Aurora"
"213 Timpson Dr, Aurora"
"74 Laurier Avenue, Richmond Hill"
"131 Stone Rd, Aurora"
"6 Scanlon Ct, Aurora"
"165 Willis Dr, Aurora"
"16 Timbertrail Cres, Aurora"
"39 Craigleith Crescent, Richmond Hill"
"124 Barberry Cres, Rh"
"6 Petch Cres, Aurora"
"290 Pinnacle Trail, Aurora"
"3 Twelve Oaks Dr, Aurora"
"17 Tilston Dr, Aurora"
"18 Willow Farm Lane, Aurora"
"59 Lille Crt, Aurora"
"104 Woodroof Cres, Aurora"
"15 Kenington Ct, Richmond Hill"
"22 Collins Cres, Aurora"
110 Crane St
"50 Raffia Avenue, Richmond Hill"
"106 Chiswick, Aurora"
Calmar Cres
"49 Peterman St, Aurora"
63 Long Valley Rd
"132 Heathwood Heights Dr, Aurora"
"83 Deerwood Crescent, Richmond Hill"
"14 Gowan Ln, Aurora"
"154 Walton Dr, Aurora"
"24 Litchi Court, Richmond Hill"
"145 Usherwood St, Aurora"
"40 Attridge Dr, Aurora"
"7 Glenview Drive, Aurora"
"260 Aurora Heights Dr, Aurora"
"110 Corner Ridge Rd, Aurora"
"268 Willis Dr, Aurora"
"46 Craigleith Cres, Richmond Hill"
"36 Hodgkinson Cres, Aurora"
"17 Strckley St, Aurora"
"88 Timpson Dr, Aurora"
"44 Dawlish Ave, Aurora"
"136 Woodroof Cres, Aurora"
"83 Moorcrest Dr, Aurora"
"9 Banbury Crt, Aurora"
"2 Chadburn Cres, Aurora"
"84 Worthington St , Richmond Hill"
"40 Hollingshead Dr, Aurora"
"264 Aurora Heights Dr, Aurora"
"23 Twelve Oaks Dr, Aurora"
"90 Old Yonge St, Aurora"
"33 Timber Valley Avenue, Richmond Hill"
"5 Tribbling Cr, Aurora"
"31 Valemount Way, Aurora"
"14265 Weston Road, King City"
"78 Ardill Cres, Aurora"
"112 Willow Farm Ln, Aurora"
"77 Hodgkinson Cres, Aurora"
"42 Steckly St, Aurora"
"80 Cranberry Lane, Aurora"
"171 Treegrove Circle , Aurora"
"96 Forest Grove Dr, Aurora"
"35 Pagoda Dr, Richmond Hill"
"100 Old Yonge St, Aurora"
"82 Tamarac Trial, Aurora"
"80 Victoria St, Aurora"
"144 Woodroof Cres, Aurora"
"315 Hartwell Way, Aurora"
"11 Mc Clellan, Aurora"
"252 Old Yonge St, Aurora"
"108 Gateway Dr , Aurora"
"232 Tamarac Trail, Aurora, L4G 5W1"
"38 Cliff Trail, Aurora, L4G 7T3"
"239 KENNEDY ST W, Aurora, L4G 6S4"
"44 Loraview Lane, Aurora, L4G 6N6"
"55 MONKMAN CRT, Aurora, L4G 7J9"
"233 Willis Dr, Aurora, L4G7M2"
"35 McLeod Dr, Aurora, L4G 5E9"
"159 Heathwood Heights Dr, Aurora, L4G 4V9"
"68 Baber Cres, Aurora, L3X 1V9"
"75 Autumn Way, Aurora, L4G 4P5"
"86 FOREST GROVE CRT, Aurora, L4G 3G4"
"2 Houdini Way, Aurora, L4G 6X1"
"60 Crane St, Aurora, L4G 7C4"
"15 Langman Pl, Aurora, L4G 5L2"
"182 Willow Farm Ln, Aurora, L4G 6K5"
"27 Buttonwood Trail, Aurora, L4G 6N3"
"63 BEECHBROOKE WAY, Aurora, L4G 6N7"
"303 MCCLELLAN WAY, Aurora, L4G 6P3"
"279 Mcclellan Way, Aurora, L4G 6P3"
"43 Mcclenny Dr, Aurora, L4G 5P8"
"39B Kennedy Street West, Aurora, L4G 2L6"
"43 SISMAN AVE, Aurora, L4G 6R9"
"22 Underhill Cres, Aurora, L4G 5S2"
"128 Crawford Rose Dr, Aurora, L4G 4P3"
"14 Windham Trail, Aurora, L4G 5M3"
"20 Whispering Pine Trail, Aurora, L4G 5C6"
"26 Hill Dr, Aurora, L4G 3A6"
"26 Owls Foot Cres, Aurora, L4G1A1"
"1 Little Erika Way, Aurora, L4G 6L7"
"1354 River Road E, Wasaga Beach, L9Z 2R9"
"19 Whitfield Crt, Aurora, L4G 5L8"
"175 willow farm lane, Aurora, L4G6K5"
"52 HILL DR, Aurora, L4G 3A6"
"158 Chiswick Cres, Aurora, L4G 6P2"
"54 Birkshire Drive, L4G 7P5"
"2 Hodgkinson Cres, Aurora, L4G 6K4"
"27 Deerhorn Cres, Aurora, L4G 6S4"
"97 Marsh Harbour, Aurora, L4G 5Y8"
"191 Birkshire Dr, Aurora, L4G 7R8"
"17 underhll cres, Aurora, L4G 5S3"
"81 George St, Aurora, L4G 2S3"
"18 foxtail ridge , Newmarket, L3X 1Z6"
"69 Allenvale, Aurora, L4G 6P6"
"72 Novan Cres, Aurora, L4G0X7"
"27 LENSMITH DR, Aurora, L4G 6S1"
"78 Soleil Blvd, Aurora, L4G 0H4"
"88 Gilbank Dr, Aurora, L4G 5E4"
"6 Langman Pl, Aurora, L4G 5L2"
"91-97 Centre Street, Aurora, L4G 1J9"
"81 Forest Grove Court, Aurora, L4G 3G4"
"19 Abbott Ave., Aurora, L4G 7V7"
"359 Church St S, Richmond Hill, L4C 8G3"
"52 Downy circle , Aurora, L4G 7E7"
"189 Timpson Dr, L4G 5L4"
"40 HILL DR, Aurora, L4G 3A6"
"123 kemano Rd, Aurora, L4G 4R2"
"64 Marsh Harbour, Aurora, L4G 5Y6"
"25 Skipton Trail, Aurora, L4G 7P5"
"76 Gateway Drive, Aurora, L4G 7S1"
"154 Walton Dr, Aurora, L4G3R8"
"111 Tonner Cres, Aurora, L4G 0G6"
"85 Delayne Dr, Aurora, L4G 5B5"
"163 Tamarac Trail, Aurora, L4G 5V6"
"12 Haskell Cres, Aurora, L4G 5T5"
"103 Heathwood Heights Dr, Aurora, L4G 4W3"
"2 Marsh Harbour, Aurora, L4G 5Z2"
"15171 Younge St Unit 2, Aurora, L4G 1Z1"
"68 Willis Drive, Aurora, L4G7M4"
"121 Tyler St, Aurora, L4G 2N4"
"15 Little Erika Way, Aurora, L4G 6L4"
"79 TREEGROVE CIR, Aurora, L4G 6M2"
"23 Spence Dr, Aurora, L4G 5V8"
"309 Kennedy St W, Aurora, L4G 6L7"
"46 Moorcrest Dr, L4G 3R4"
"290 Corner Ridge Rd, Aurora, L4G 6L7"
"43 Novan Crescent, Aurora, L4G 0X6"
"121 Heathwood Heights, Aurora, L4G 4W2"
"87 Tamarac Trail, Aurora, L4G5R6"
"392 STONE RD, Aurora, L4G 6Z5"
"167 willow Farm lane, Aurora, L4G6K5"
"132 West Park Avenue , Bradford, L3Z 0B7"
"84 Cousins Dr, Aurora, L4G 1B6"
"29 Romanelli crecent , Bradford, L3Z 0B9"
"8 Duncton Wood Cres, Aurora, L4G 7T4"
"61 Imperial Cres, Bradford, L3Z 2N8"
"5 Underhill Cres, Aurora, L4G 5V2"
"222 corner ridge road, Aurora, L4G 6L6"
"68 Cousins Dr, Aurora, L4G 1B6"
"82 Buttonwood Trail, Aurora, L4G 6N5"
"151 Dawlish Ave, Aurora, L4G 6R2"
"37 Wellington Heights Ct, Aurora, L4G 5C9"
"89 Charing Cres, Aurora, L4G 6P5"
"11 McLeod Dr, Aurora, L4G 5H2"
"212 Timpson Dr, Aurora, L4G 5M7"
"20 Trillium Dr, Aurora, L4G 5X9"
"103 Brookeview Dr, Aurora, L4G 6R5"
"11 williamson terrace, Aurora, L4G 4X5"
"75 Aishford Rd, Aurora, L3Z 3H9"
"30 Milliken Dr, Aurora, L4G 7B7"
"297 Corner Ridge Road , Aurora, L4G 6L7"
"89 Usherwood St, Aurora, N3R 1C5"
"24 Long Valley Rd, Aurora, L4G 6K8"
"29 Anchor Ct, Aurora, L9N 1G1"
"1 Laurwood Ct, Aurora, L4G 5C2"
"254 Corner Ridge Rd, Aurora, L4G 6L6"
"6 Weslock , Aurora, L4G 7Y9"
"29 Beatty Cres, Aurora, L4G 5V3"
"52 Twelve Oaks Dr, Aurora, L4G 6J5"
"48 BEATTY CRES, Aurora, L4G 5V4"
"66 Allenvale Dr, Aurora, L4G 6P6"
"29 Falan Heights Crecent, Aurora, L4G 5C2"
"195 Willow Farm Ln, Aurora, L4G 6K6"
"30 Tribbling Cres, Aurora, L4G 4W5"
"10 GLEAVE CRT, Aurora, L4G 7L9"
"84 BATSON DR, Aurora, L4G 3R1"
"36 PETCH CRES, Aurora, L4G 5P4"
"1 COWIE CRT, Aurora, L4G 6X2"
"10 Beau st, Aurora, L4G0H4"
"79 BONNY MEADOWS DR, Aurora, L4G 6M9"
"11 VALLEY CRES, Aurora, L4G 4S2"
"7 dodie st, Aurora, L4G 2L1"
"196 Crane St , Aurora, L4G 7C4"
"76 Cousins Dr, Aurora, L4G 1B6"
"17 Vista Dr, Bradford, L3Z 0B6"
"32 Tribbling Cres, Aurora, L4G 4W5"
"268 WILLIS DR, Aurora, L4G 7M3"
"16 Lord Byron, Whitchurch-Stouffville, L4A 1L6"
"23 Sisman Avenue, Aurora, L4G 6R9"
"24 Heatherfield Ln, Aurora, L4G 6K1"
"227 Tamarac Trail, Aurora, L4G5W2"
"220 Tamarac Trail, Aurora, L4G 5V9"
"200 COVENT CRES, Aurora, L4G 6P9"
"10 Sisman Ave, Aurora, L4G 5M9"
"47 GWILLIAM LANE, Aurora, L4G 7T9"
"44 Hamster Cres , Aurora, L4G 7B7"
"38 Marsh Harbour , Aurora, L4G 5Y6"
"35 Dodie Street, Aurora, L4G 2L2"
"78 Mcgee Cres, Aurora, L4G 6L8"
"48 Petch Crescent, Aurora, L4G 5N9"
"10 Ashford Court , Aurora, L4G5M3"
"18 ALLENVALE DR, Aurora, L4G 6P4"
"106 Conklin Cres, Aurora, L4G 0Z2"
"162 CHISWICK CRES, Aurora, L4G 6P2"
"28 Hill Dr, Aurora, L4G 3A6"
"123 Corner Ridge Rd, Aurora, L4G 6L4"
"90 valleyford ave, Richmond hill, L4C 0A6"
"108 WELLS ST, Aurora, L4G 1T3"
"9 Beau St, Aurora, L4G 0H4"
"225 Kermano Rd, Aurora, L4G 4Z1"
"24 Ardill Cres, Aurora, L4G 5S5"
"70 Blue Dasher Blvd, Bradford, L3Z 0A9"
"79 AMES CRES, Aurora, L4G 7Y5"
"184 Timpson Dr, Aurora, L4G 5L4"
"51 METCALF ST, Aurora, L4G 1E5"
"626 Gagnon Pl, Newmarket, L3X 1V8"
"40 Gilbank Dr, Aurora, L4G 5G5"
"213 Timpson Dr, Aurora, L4G 5M7"
"62 Whispering Pine Trail, Aurora, L4G 4Y3"
"65 Brookview Dr, Bradford, L3Z 0S6"
"37 Nottingham Forest Rd, Bradford, L3Z 2A4"
"201 William Graham Dr , Aurora, L4G 7C4"
"24 Dodie St, Aurora, L4G 2L2"
"70 Ardill Cres, Aurora, L4G5S7"
"110 Vines Place, Aurora, L4G 0K8"
"124 Carlyle Circle, Aurora, L4G 6P7"
"44 Royal Road, Aurora, L4G 1A9"
"79 Imperial Cres, Bradford"
"60 Duggan St, Aurora"
"30 Petch Cres, Aurora"
"232 Tamarac Trail, Aurora"
"29 Marshview Ave, Aurora"
"247 Tamarac Trail, Aurora"
"20 Gowan Lane, Aurora"
"50 Blaydon Ln, Aurora"
"211 Dawlish Ave, Aurora"
"233 Willis Drive, Aurora"
"47 Haverhill Terrace, Aurora"
"57 Golf Links Dr, Aurora"
"111 Hillview Rd, Aurora"
"25 Briardale Pl, Aurora"
"121 Faris St, Bradford"
"52 Attridge Dr, Aurora"
"18 Blaydon Ln, Aurora"
"49 Trillium Dr, Aurora"
"14 Chadburn Cres, Aurora"
"24 Haverhill Terr, Aurora"
"74 Moorcrest Dr, Aurora"
"North Of 137 Temperance, Aurora"
"63 Soleil Blvd, Aurora"
"344 Mavrinac Blvd, Aurora"
"135 Corner Ridge Rd, Aurora"
"58 Allenvale Dr, Aurora"
"76 Moorcrest Dr, Aurora"
"218 Blue Dasher Blvd, Bradford"
"23 Confirm Addy, Bradford"
"14 White Birch Ln, East Gwillimbury"
"29 Tilston Grove, Aurora"
"341 Kirkvalley Cres, Aurora"
"135 Pine Hill Rd, Bradford"
"2 Fairside Dr, Bradford"
"36 Kashani Court, Aurora"
"9 Nicklaus Dr, Aurora"
"91 Dawlish Ave, Aurora"
"46 Tribbling Cres, Aurora"
"172 Timpson Dr, Aurora"
"5 Vista Dr, Bradford"
"144 Championship Circle Pl, Aurora"
"30 Kennedy St W, Aurora"
"88 Barrie St, Bradford"
"54 Champion Circle Place, Aurora"
"54 Championship Circle Pl, Aurora"
"9 Buttonwood Trail, Aurora"
"5 Crawford Rose Dr, Aurora"
"299 Aurora Heights Dr, Aurora"
"53 Pinnacle Trail, Aurora"
"26 Hill Dr, Aurora"
"15 Mcleod Dr, Aurora"
"4 Keystone Ct, Aurora"
"21 Closs Sq, Aurora"
"102 Deerglen Terr, Aurora"
"32 Loraview Lane, Aurora"
"21 Whispering Pine Trail, Aurora"
"3 Wellington Heights Crt, Aurora"
"39 Confirm Addy, Bradford"
"59 Trailside Dr, Bradford"
"152 Pine Hill Rd, Bradford"
"19 Twelve Oaks Dr, Aurora"
"27 Casemount St, Aurora"
"35 Gleave Court, Aurora"
"19 Mike Boshevski Crt, Aurora"
"46 Hammond Drive, Aurora"
"52 Deerhorn Cres, Aurora"
"46 Dawlish Ave, Aurora"
"201 Wardle Gate, Aurora"
"46 Attridge Dr, Aurora"
"Albery Cres, Aurora"
"87 Tamarac Trail, Aurora"
"51 Long Valley Rd, Aurora"
"135 Loraview Lane, Aurora"
"9 Pittypat Ct, Aurora"
"291 Aurora Heights Dr, Aurora"
"7 Clifford Dalton Dr, Aurora"
"28 Beatty Cres, Aurora"
"14 Abbott Ave, Aurora"
"11 Loraview Lane, Aurora"
"75 Dawlish Ave, Aurora"
"61 Imperial Crescent, Bradford"
"65 Offord Cres, Aurora"
"79 River Ridge Blvd, Aurora"
"33 Underhill Cres, Aurora"
"212 Earl Stewart Drive, Aurora"
"46 Ardill Cres, Aurora"
"117 Carlyle Cres, Aurora"
"61 Milligan St, Bradford"
"21 Confirm Addy, Bradford"
"35 Deerglen Terrace, Aurora"
"156 Stone Rd, Aurora"
"69 Duncton Wood Cres, Aurora"
"62 Forest Grove Crt, Aurora"
"23 Wethersfield Ct, Aurora"
"21 Hollingshead Dr, Aurora"
"23 Eakins Dr, Aurora"
"116 Devins Dr, Aurora"
"58 Faris St, Bradford"
"78 Duncton Wood Cres, Aurora"
"139 Walton Dr, Aurora"
"50 Steeplechase Ave, Aurora"
"16 Eakins Dr, Aurora"
"25 Closs Sq, Aurora"
"26 Fairway Dr, Aurora"
"18 Long Valley Rd, Aurora"
"11 Duncton Wood Cres, Aurora"
"18 Bluegrass Dr, Aurora"
"118 Walton Dr, Aurora"
"61 Martell Gate, Aurora"
"64 Batson Dr, Aurora"
"1 Royal Rd, Aurora"
"90 Golf Links Dr, Aurora"
"93 Devins Dr, Aurora"
"112 Walton Dr, Aurora"
"75 Willis Dr, Aurora"
"2 Chippingwood Manr, Aurora"
"14 Warren Mcbride Cres, Aurora"
"95 Hillview Rd, Aurora"
"9 Stone Rd, Aurora"
"13 Mcroberts Pl, Aurora"
"66 Whispering Pine Trail, Aurora"
"52 Duncton Wood Cres, Aurora"
"105 Hillview Rd, Aurora"
"10 Borealis Ave, Aurora"
"59 Morland Crescent, Aurora"
"23 Mark St, Aurora"
"69 Blaydon Ln, Aurora"
"1 Albery Cres, Aurora"
"41 Duncton Wood Cres, Aurora"
"17 Match Point Ct, Aurora"
"132 Temperance St, Aurora"
"56 Hill Dr, Aurora"
"32 Dale Cres, Aurora"
"29 Murdock Ave, Aurora"
"3 Fitzgerald St, Aurora"
"8 Elderberry Trail, Aurora"
"15 Buttonwood Trail, Aurora"
"66 Closs Sq, Aurora"
"19 Batson Dr, Aurora"
"48 Timpson Dr, Aurora"
"32 Woodroof Cres, Aurora"
"4 Closs Sq, Aurora"
"11 Morland Crescent, Aurora"
"18 Eakins Dr, Aurora"
"16 Steeplechase Ave, Aurora"
"34 Milligan St, Bradford"
"42 Closs Sq, Aurora"
"89 Devins Dr, Aurora"
"57 Blaydon Ln, Aurora"
"18 Buttonwood Trail, Aurora"
"24 Collis Dr, Aurora"
"58 Milligan St, Bradford"
"7 Mcleod Dr, Aurora"
"34 Deerglen Terrace, Aurora"
"82 Hill Dr, Aurora"
"11 Dewell Cres, Aurora"
"38 Milligan St, Bradford"
"22 Batson Dr, Aurora"
"20 Steeplechase Ave, Aurora"
"1 Lille Crt, Aurora"
"18 Match Point Ct, Aurora"
"9 Wethersfield Ct, Aurora"
"6 Chippingwood Manr, Aurora"
"6 Albery Cres, Aurora"
"39 Long Valley Rd, Aurora"
"16 Brooks Ave, Aurora"
"14 Deerglen Terrace, Aurora"
"50 Buckle Cres, Aurora"
"5 Forest Grove Crt, Aurora"
"11 Mavrinac Blvd, Aurora"
"43 Duncton Wood Cres, Aurora"
"14 Mavrinac Blvd, Aurora"
"14 Wethersfield Ct, Aurora"
"10 Stone Rd, Aurora"
"10 Eakins Dr, Aurora"
"44 Devins Dr, Aurora"
"30 Tamarac Trail, Aurora"
"8 Devins Dr, Aurora"
"6 Devins Dr, Aurora"
"14 Devins Dr, Aurora"
"2 Devins Dr, Aurora"
"3 Devins Dr, Aurora"
